,imodulon,gene_ontology,pvalue,qvalue,precision,recall,f1score,TP,target_set_size,imodulon_size
0,ArnRAB,protein binding,1.0627557255966005e-05,0.00028694404591108214,0.25,1.0,0.4,2.0,2.0,8.0
1,ArnRAB,identical protein binding,0.003484320557480559,0.04703832752598755,0.125,1.0,0.2222222222222222,1.0,1.0,8.0
2,30,ATP synthesis coupled electron transport,1.0627557255966005e-05,0.00014347202295554107,0.25,1.0,0.4,2.0,2.0,8.0
3,30,"oxidoreductase activity, acting on diphenols and related substances as donors, oxygen as acceptor",1.0627557255966005e-05,0.00014347202295554107,0.25,1.0,0.4,2.0,2.0,8.0
